Shot,Section,Timecode,Narration (s),Clip length (s),On-screen title,Narration,Image prompt,Video prompt,Video negative prompt
1,Cold Open,0:00–0:14,14,10,,"Every doctor in history has made you the same promise. Take this, and you'll feel better. For most of history, that promise was a gamble. The blade, the powder, the tonic on the shelf.","The healer (a tall, thin cut-paper cartoon figure with a long face and mitten hands, wearing a long dark generic historical frock coat) standing behind the counter, the patient (a pear-shaped cut-paper cartoon figure with wide oval eyes and mitten hands, wearing a plain cream hospital gown) standing in front of it. Action: the healer leans forward holding out a small glass bottle with a friendly smile. Environment: a dim 19th-century apothecary shop with tall wooden shelves of glass bottles, brass scales and a worn counter. Camera: Eye-level medium shot. Lighting: warm amber oil-lamp light from one side, deep soft shadows. Mood: Ominously friendly. Style: flat 2D cut-paper cartoon with wobbly brown ink outline and cream sticker border on a photoreal period diorama background, shallow depth of field, film grain, muted sepia with mustard, teal and oxblood accents, toxic-green 'cure', non-graphic, 16:9.","Slow push-in from medium to medium close-up across the apothecary counter. The tall healer leans forward in two puppet-like steps and extends the glass bottle toward the patient. The patient blinks and leans back slightly. The oil-lamp flame flickers and dust motes drift through the light. Keep the exact character designs, colors and cut-paper style of the source image; slightly choppy stop-motion puppet motion, gentle diorama parallax, smooth camera; no morphing, no new characters, no text changes, no gore.","realistic humans, 3D render, extra limbs, face distortion, flicker, warping text, blood spray, graphic injury"
2,Cold Open,0:14–0:22,8,10,,"Sometimes the cure was the most dangerous thing in the room. Tonight, you're the patient. You trust the treatment completely.","The whole apothecary with the patient (a pear-shaped cut-paper cartoon figure with wide oval eyes and mitten hands, wearing a plain cream hospital gown) small in the corner and one bottle glowing green on the top shelf. Action: the glowing bottle casts a long skull-shaped shadow across the wall. Environment: a dim 19th-century apothecary shop with tall wooden shelves of glass bottles, brass scales and a worn counter. Composition: glowing bottle upper right, patient lower left. Camera: Wide establishing shot, slightly low angle. Lighting: warm amber oil-lamp light from one side, deep soft shadows. Mood: Ominous. Style: flat 2D cut-paper cartoon with wobbly brown ink outline and cream sticker border on a photoreal period diorama background, shallow depth of field, film grain, muted sepia with mustard, teal and oxblood accents, toxic-green 'cure', non-graphic, 16:9.","Slow tilt up from the small patient in the corner to the bottle glowing green on the top shelf. The green glow pulses softly, and the skull-shaped shadow stretches slowly across the wall. Keep the exact character designs, colors and cut-paper style of the source image; slightly choppy stop-motion puppet motion, gentle diorama parallax, smooth camera; no morphing, no new characters, no text changes, no gore.","realistic humans, 3D render, extra limbs, face distortion, flicker, warping text, blood spray, graphic injury"
3,Cold Open,0:22–0:31,9,10,,And you're about to find out exactly what it does to you. What Every Miracle Cure in History Did to Your Body.,"Close-up of the face of the patient (a pear-shaped cut-paper cartoon figure with wide oval eyes and mitten hands, wearing a plain cream hospital gown). Action: the patient's eyes widen as green light from the bottle washes over their face; leave the upper third dark for the main title overlay. Environment: a dim 19th-century apothecary shop with tall wooden shelves of glass bottles, brass scales and a worn counter. Composition: face centered, green glow from below. Camera: Slow push-in to close-up. Lighting: warm amber oil-lamp light from one side, deep soft shadows. Mood: Dread. Style: flat 2D cut-paper cartoon with wobbly brown ink outline and cream sticker border on a photoreal period diorama background, shallow depth of field, film grain, muted sepia with mustard, teal and oxblood accents, toxic-green 'cure', non-graphic, 16:9.","Slow push-in to a close-up of the patient's face. The eyes widen in two quick steps as the green under-light grows brighter and pulses like a heartbeat. The upper third of the frame stays dark for the title. Keep the exact character designs, colors and cut-paper style of the source image; slightly choppy stop-motion puppet motion, gentle diorama parallax, smooth camera; no morphing, no new characters, no text changes, no gore.","realistic humans, 3D render, extra limbs, face distortion, flicker, warping text, blood spray, graphic injury"
4,1. Trepanation,0:31–0:39,8,10,TREPANATION,"Trepanation. You're a warrior in the Andes mountains around the year 1450. A sling stone cracked your skull during a raid,","The patient (a pear-shaped cut-paper cartoon figure with wide oval eyes and mitten hands, dressed as a 15th-century Andean warrior in a woven red-and-mustard geometric tunic) standing on a stone agricultural terrace. Action: the warrior looks out over the valley, holding a woven sling. Environment: terraced green mountainsides in the high Andes around 1450, stone village below, snowy peaks, morning mist. Camera: Wide establishing shot. Lighting: crisp early-morning mountain sunlight. Mood: Epic, calm. Style: flat 2D cut-paper cartoon with wobbly brown ink outline and cream sticker border on a photoreal period diorama background, shallow depth of field, film grain, muted sepia with mustard, teal and oxblood accents, toxic-green 'cure', non-graphic, 16:9.","Slow aerial drift to the right across misty Andean terraces. The warrior's tunic flutters in the wind. Near the end, a small stone arcs in from the left toward the warrior's head and a chalk-white cartoon impact star pops. Keep the exact character designs, colors and cut-paper style of the source image; slightly choppy stop-motion puppet motion, gentle diorama parallax, smooth camera; no morphing, no new characters, no text changes, no gore.","realistic humans, 3D render, extra limbs, face distortion, flicker, warping text, blood spray, graphic injury"
5,1. Trepanation,0:39–0:42,3,5,,"and ever since, the headaches have been blinding.","The patient (a pear-shaped cut-paper cartoon figure with wide oval eyes and mitten hands, dressed as a 15th-century Andean warrior in a woven red-and-mustard geometric tunic) sitting on a woven mat. Action: the warrior clutches the side of the head, eyes squeezed shut, surrounded by chalk-white squiggle pain lines. Environment: the interior of a stone-walled hut in the high Andes around 1450, with woven textiles, clay pots and snowy peaks visible through the doorway. Camera: Eye-level medium close-up. Lighting: warm firelight from a small hearth mixed with cool mountain daylight from the doorway. Mood: Miserable. Style: flat 2D cut-paper cartoon with wobbly brown ink outline and cream sticker border on a photoreal period diorama background, shallow depth of field, film grain, muted sepia with mustard, teal and oxblood accents, toxic-green 'cure', non-graphic, 16:9.","Subtle handheld shake. The warrior rocks forward, clutching their head, while chalk-white squiggle pain lines throb and pulse around it. Keep the exact character designs, colors and cut-paper style of the source image; slightly choppy stop-motion puppet motion, gentle diorama parallax, smooth camera; no morphing, no new characters, no text changes, no gore.","realistic humans, 3D render, extra limbs, face distortion, flicker, warping text, blood spray, graphic injury"
6,1. Trepanation,0:42–0:52,10,10,,The healer hands you a cup of fermented corn beer and lays out a sharp bronze blade. The plan? Cut a hole in your head.,"The healer (a tall, thin cut-paper cartoon figure with a long face and mitten hands, wearing a woven striped poncho and a feathered headband) and the patient (a pear-shaped cut-paper cartoon figure with wide oval eyes and mitten hands, dressed as a 15th-century Andean warrior in a woven red-and-mustard geometric tunic) seated facing each other. Action: the healer offers a clay cup of cloudy corn beer to the warrior. Environment: the interior of a stone-walled hut in the high Andes around 1450, with woven textiles, clay pots and snowy peaks visible through the doorway. Camera: Eye-level two-shot. Lighting: warm firelight from a small hearth mixed with cool mountain daylight from the doorway. Mood: Ritualistic, calm. Style: flat 2D cut-paper cartoon with wobbly brown ink outline and cream sticker border on a photoreal period diorama background, shallow depth of field, film grain, muted sepia with mustard, teal and oxblood accents, toxic-green 'cure', non-graphic, 16:9.","Static two-shot with slight parallax. The healer hands over the clay cup and the warrior takes a sip. The healer then unrolls a woven cloth to reveal the bronze blade, which catches the firelight. The warrior's eyes pop wide and a sweat drop slides down. Keep the exact character designs, colors and cut-paper style of the source image; slightly choppy stop-motion puppet motion, gentle diorama parallax, smooth camera; no morphing, no new characters, no text changes, no gore.","realistic humans, 3D render, extra limbs, face distortion, flicker, warping text, blood spray, graphic injury"
7,1. Trepanation,0:52–0:57,5,5,,He peels back your scalp and scrapes at the bone in slow circles.,"The healer (a tall, thin cut-paper cartoon figure with a long face and mitten hands, wearing a woven striped poncho and a feathered headband) kneeling over the patient (a pear-shaped cut-paper cartoon figure with wide oval eyes and mitten hands, dressed as a 15th-century Andean warrior in a woven red-and-mustard geometric tunic), who lies on a woven mat. Action: the healer's body blocks the view of the procedure; chalk-white circular motion lines float above the head. Environment: the interior of a stone-walled hut in the high Andes around 1450, with woven textiles, clay pots and snowy peaks visible through the doorway. Composition: healer's back in the foreground hides all detail; patient's feet visible. Camera: Eye-level medium shot from behind the healer. Lighting: warm firelight from a small hearth mixed with cool mountain daylight from the doorway. Mood: Tense, restrained. Style: flat 2D cut-paper cartoon with wobbly brown ink outline and cream sticker border on a photoreal period diorama background, shallow depth of field, film grain, muted sepia with mustard, teal and oxblood accents, toxic-green 'cure', non-graphic, 16:9.","Static shot from behind the healer. The healer's shoulders move in a slow circular rhythm, chalk circle motion lines rotate above the patient's head, and the patient's feet twitch once. Firelight flickers. Keep the exact character designs, colors and cut-paper style of the source image; slightly choppy stop-motion puppet motion, gentle diorama parallax, smooth camera; no morphing, no new characters, no text changes, no gore.","realistic humans, 3D render, extra limbs, face distortion, flicker, warping text, blood spray, graphic injury"
8,1. Trepanation,0:57–1:06,9,10,,"Oddly, it's more pressure than pain, because the skull itself has very few nerves. The sound, though, travels straight through your jaw.","A simplified cross-section of a scalp and skull, with nerves drawn as mustard threads in the scalp and almost none in the bone. Action: the nerve threads glow softly while the bone layer stays plain. Environment: an x-ray style explainer panel with a dark teal background and cream line-art anatomy. Camera: Straight-on diagram view. Lighting: flat, even graphic lighting with a soft glow on the highlighted elements. Mood: Educational. Style: x-ray explainer panel, dark teal background, cream hand-drawn line art, mustard/oxblood highlights, toxic-green harmful substance, non-graphic, 16:9.","The diagram draws itself. The skull and scalp layers wipe in, then the mustard nerve threads light up one by one in the scalp. Chalk vibration ripples then pulse outward from the jaw area. Keep the exact character designs, colors and cut-paper style of the source image; slightly choppy stop-motion puppet motion, gentle diorama parallax, smooth camera; no morphing, no new characters, no text changes, no gore.","realistic humans, 3D render, extra limbs, face distortion, flicker, warping text, blood spray, graphic injury"
9,1. Trepanation,1:06–1:14,8,10,,"Twenty minutes later, there's a coin-sized window in your skull, and the fragments pressing on your brain are lifted out.","A simplified skull outline with small bone fragments pressing on a cream line-drawn brain. Action: the fragments float upward and away while the brain outline relaxes. Environment: an x-ray style explainer panel with a dark teal background and cream line-art anatomy. Camera: Straight-on diagram view. Lighting: flat, even graphic lighting with a soft glow on the highlighted elements. Mood: Relief. Style: x-ray explainer panel, dark teal background, cream hand-drawn line art, mustard/oxblood highlights, toxic-green harmful substance, non-graphic, 16:9.","The bone fragments lift slowly and drift up out of frame. The brain outline relaxes, easing and shrinking slightly, and a soft mustard glow blooms. Keep the exact character designs, colors and cut-paper style of the source image; slightly choppy stop-motion puppet motion, gentle diorama parallax, smooth camera; no morphing, no new characters, no text changes, no gore.","realistic humans, 3D render, extra limbs, face distortion, flicker, warping text, blood spray, graphic injury"
10,1. Trepanation,1:14–1:22,8,10,,Here's the twist. This one might actually help. Relieving pressure on the brain is roughly what a modern neurosurgeon would do.,"The patient (a pear-shaped cut-paper cartoon figure with wide oval eyes and mitten hands, dressed as a 15th-century Andean warrior in a woven red-and-mustard geometric tunic) sitting up with a clean cloth bandage wrapped around the head. Action: the warrior gives a small surprised smile and touches the bandage. Environment: the interior of a stone-walled hut in the high Andes around 1450, with woven textiles, clay pots and snowy peaks visible through the doorway. Camera: Eye-level medium shot. Lighting: warm firelight from a small hearth mixed with cool mountain daylight from the doorway. Mood: Hopeful, surprised. Style: flat 2D cut-paper cartoon with wobbly brown ink outline and cream sticker border on a photoreal period diorama background, shallow depth of field, film grain, muted sepia with mustard, teal and oxblood accents, toxic-green 'cure', non-graphic, 16:9.","Gentle push-in. The bandaged warrior sits up, touches the bandage, and a small surprised smile grows. A tiny cut-paper sparkle twinkles. Keep the exact character designs, colors and cut-paper style of the source image; slightly choppy stop-motion puppet motion, gentle diorama parallax, smooth camera; no morphing, no new characters, no text changes, no gore.","realistic humans, 3D render, extra limbs, face distortion, flicker, warping text, blood spray, graphic injury"
11,1. Trepanation,1:22–1:35,13,10,,"The real danger comes after. With no antibiotics anywhere on Earth, an infection in that open wound means fever, a stiff neck, and confusion as it spreads across the surface of your brain.","The patient (a pear-shaped cut-paper cartoon figure with wide oval eyes and mitten hands, dressed as a 15th-century Andean warrior in a woven red-and-mustard geometric tunic) lying rigid on the mat. Action: flushed cheeks, blue sweat drops and stiff chalk lines along the neck. Environment: the interior of a stone-walled hut in the high Andes around 1450, with woven textiles, clay pots and snowy peaks visible through the doorway. Camera: High-angle medium shot. Lighting: warm firelight from a small hearth mixed with cool mountain daylight from the doorway. Mood: Feverish. Style: flat 2D cut-paper cartoon with wobbly brown ink outline and cream sticker border on a photoreal period diorama background, shallow depth of field, film grain, muted sepia with mustard, teal and oxblood accents, toxic-green 'cure', non-graphic, 16:9.","Slow high-angle crane down. The warrior's cheeks flush redder in stages, sweat drops fall, and stiff chalk lines tighten along the neck. The fire dims to embers and the shadows lengthen. Keep the exact character designs, colors and cut-paper style of the source image; slightly choppy stop-motion puppet motion, gentle diorama parallax, smooth camera; no morphing, no new characters, no text changes, no gore.","realistic humans, 3D render, extra limbs, face distortion, flicker, warping text, blood spray, graphic injury"
12,1. Trepanation,1:35–1:47,12,10,,"But archaeologists studying Inca skulls found smooth bone growing back around many of the holes, proof the patients lived for years. Survival may have reached around 75 to 80 percent.","A flat 2D cut-paper archaeologist in khaki with a magnifying glass, and a clean museum-specimen skull with a smooth round healed opening on a padded table. Action: the archaeologist leans in, eyebrows raised. Environment: a quiet modern museum lab with specimen drawers and soft white tables. Camera: Eye-level medium shot. Lighting: soft diffuse lab lighting. Mood: Curious, discovery. Style: flat 2D cut-paper cartoon with wobbly brown ink outline and cream sticker border on a photoreal period diorama background, shallow depth of field, film grain, muted sepia with mustard, teal and oxblood accents, toxic-green 'cure', non-graphic, 16:9.","The archaeologist leans in and slides the magnifying glass across the skull, and the lens enlarges the smooth healed rim. The archaeologist's eyebrows lift in surprise. Keep the exact character designs, colors and cut-paper style of the source image; slightly choppy stop-motion puppet motion, gentle diorama parallax, smooth camera; no morphing, no new characters, no text changes, no gore.","realistic humans, 3D render, extra limbs, face distortion, flicker, warping text, blood spray, graphic injury"
13,1. Trepanation,1:47–1:56,9,10,,"That's better than surgeons managed during the American Civil War, four centuries later. Enjoy those odds. They're the best you'll get tonight.","A flat 2D cut-paper Civil War field surgeon in a blue uniform and bloodless apron. Action: the surgeon shrugs sheepishly beside a canvas field tent. Environment: an 1860s Civil War canvas field-hospital tent with wooden cots and lanterns. Camera: Eye-level medium shot. Lighting: dusty afternoon light through canvas. Mood: Ironic humor. Style: flat 2D cut-paper cartoon with wobbly brown ink outline and cream sticker border on a photoreal period diorama background, shallow depth of field, film grain, muted sepia with mustard, teal and oxblood accents, toxic-green 'cure', non-graphic, 16:9.","Slow push-out. The Civil War surgeon shrugs twice sheepishly, the tent canvas ripples in a breeze, and a lantern sways. Keep the exact character designs, colors and cut-paper style of the source image; slightly choppy stop-motion puppet motion, gentle diorama parallax, smooth camera; no morphing, no new characters, no text changes, no gore.","realistic humans, 3D render, extra limbs, face distortion, flicker, warping text, blood spray, graphic injury"
14,2. Bloodletting,1:56–1:58,2,5,BLOODLETTING,Bloodletting. It's December 1799 in Virginia.,"A Georgian red-brick house in fresh snow. Action: candlelit windows glow as light snow falls. Environment: rural Virginia in December 1799, a red-brick Georgian house with bare trees and fresh snow at dusk. Camera: Wide establishing exterior shot. Lighting: cold blue dusk with warm window glow. Mood: Quiet, wintry. Style: flat 2D cut-paper cartoon with wobbly brown ink outline and cream sticker border on a photoreal period diorama background, shallow depth of field, film grain, muted sepia with mustard, teal and oxblood accents, toxic-green 'cure', non-graphic, 16:9.","Snow falls steadily as the camera pushes slowly toward the brick house. The candlelit windows flicker. Keep the upper center clear for the title. Keep the exact character designs, colors and cut-paper style of the source image; slightly choppy stop-motion puppet motion, gentle diorama parallax, smooth camera; no morphing, no new characters, no text changes, no gore.","realistic humans, 3D render, extra limbs, face distortion, flicker, warping text, blood spray, graphic injury"
15,2. Bloodletting,1:58–2:05,7,10,,"You woke up with a raw, swollen throat, and every breath now comes with a thin whistle.","The patient (a pear-shaped cut-paper cartoon figure with wide oval eyes and mitten hands, dressed as an 18th-century gentleman in a white linen nightshirt and nightcap with a grey tied-back queue) sitting up in the four-poster bed. Action: the patient clutches their throat, which has a soft red doodle glow. Environment: a Georgian-era Virginia bedroom in December 1799 with wood paneling, a four-poster bed, a pewter basin and a frosted window. Camera: Eye-level medium shot. Lighting: grey winter window light mixed with warm candlelight. Mood: Uncomfortable. Style: flat 2D cut-paper cartoon with wobbly brown ink outline and cream sticker border on a photoreal period diorama background, shallow depth of field, film grain, muted sepia with mustard, teal and oxblood accents, toxic-green 'cure', non-graphic, 16:9.","The patient clutches their throat. The red glow pulses with each labored breath, and tiny whistle squiggles puff from the mouth in rhythm. Keep the exact character designs, colors and cut-paper style of the source image; slightly choppy stop-motion puppet motion, gentle diorama parallax, smooth camera; no morphing, no new characters, no text changes, no gore.","realistic humans, 3D render, extra limbs, face distortion, flicker, warping text, blood spray, graphic injury"
16,2. Bloodletting,2:05–2:13,8,10,,Your doctors arrive with the most trusted treatment of the last two thousand years. They're going to drain your blood.,"Three copies of the healer (a tall, thin cut-paper cartoon figure with a long face and mitten hands, wearing a black 18th-century physician's coat and white cravat) entering the bedroom doorway in a line. Action: the lead physician carries a small leather case. Environment: a Georgian-era Virginia bedroom in December 1799 with wood paneling, a four-poster bed, a pewter basin and a frosted window. Camera: Eye-level wide shot from the bed. Lighting: grey winter window light mixed with warm candlelight. Mood: Formal, ominous. Style: flat 2D cut-paper cartoon with wobbly brown ink outline and cream sticker border on a photoreal period diorama background, shallow depth of field, film grain, muted sepia with mustard, teal and oxblood accents, toxic-green 'cure', non-graphic, 16:9.","The bedroom door swings open, and three tall physicians step in one after another in stop-motion strides. The lead physician lifts the leather case, and the candle flames bend in the draft. Keep the exact character designs, colors and cut-paper style of the source image; slightly choppy stop-motion puppet motion, gentle diorama parallax, smooth camera; no morphing, no new characters, no text changes, no gore.","realistic humans, 3D render, extra limbs, face distortion, flicker, warping text, blood spray, graphic injury"
17,2. Bloodletting,2:13–2:24,11,10,,"The idea goes back to ancient Greece. Your body supposedly runs on four fluids, and sickness means one is out of balance. Too much blood? Let some out.","An antique brass balance scale holding four small jars colored oxblood, cream, mustard and near-black. Action: the scale tips unevenly toward the oxblood jar. Environment: an x-ray style explainer panel with a dark teal background and cream line-art anatomy. Camera: Straight-on diagram view. Lighting: flat, even graphic lighting with a soft glow on the highlighted elements. Mood: Explanatory. Style: x-ray explainer panel, dark teal background, cream hand-drawn line art, mustard/oxblood highlights, toxic-green harmful substance, non-graphic, 16:9.","The brass scale seesaws, then settles heavily toward the oxblood jar. At the end, a mitten hand flicks the oxblood jar off the edge of the frame. Keep the exact character designs, colors and cut-paper style of the source image; slightly choppy stop-motion puppet motion, gentle diorama parallax, smooth camera; no morphing, no new characters, no text changes, no gore.","realistic humans, 3D render, extra limbs, face distortion, flicker, warping text, blood spray, graphic injury"
18,2. Bloodletting,2:24–2:35,11,10,,"A small blade opens a vein in your arm, and dark blood runs into a bowl. You feel lightheaded. The doctors take that as a sign it's working.","The patient (a pear-shaped cut-paper cartoon figure with wide oval eyes and mitten hands, dressed as an 18th-century gentleman in a white linen nightshirt and nightcap with a grey tied-back queue) with an arm extended over a pewter bowl, one physician holding the lancet. Action: the bowl is seen at an angle showing only a dark red surface; no wound detail. Environment: a Georgian-era Virginia bedroom in December 1799 with wood paneling, a four-poster bed, a pewter basin and a frosted window. Camera: Eye-level medium close-up. Lighting: grey winter window light mixed with warm candlelight. Mood: Restrained, grim. Style: flat 2D cut-paper cartoon with wobbly brown ink outline and cream sticker border on a photoreal period diorama background, shallow depth of field, film grain, muted sepia with mustard, teal and oxblood accents, toxic-green 'cure', non-graphic, 16:9.","The physician's hand brings the lancet toward the arm; cut away before contact. The dark surface in the pewter bowl rises slowly. The patient's eyes turn to spirals and he sways while the doctors nod approvingly. Keep the exact character designs, colors and cut-paper style of the source image; slightly choppy stop-motion puppet motion, gentle diorama parallax, smooth camera; no morphing, no new characters, no text changes, no gore.","realistic humans, 3D render, extra limbs, face distortion, flicker, warping text, blood spray, graphic injury"
19,2. Bloodletting,2:35–2:45,10,10,,"It isn't. Your throat keeps closing, so they bleed you again. And again. As the blood leaves, your heart races to push around what's left.","Three pewter bowls lined up on the bedside table next to a candle. Action: a mitten hand places the third bowl in the row. Environment: a Georgian-era Virginia bedroom in December 1799 with wood paneling, a four-poster bed, a pewter basin and a frosted window. Composition: bowls in a diagonal line from left to right. Camera: Eye-level macro shot. Lighting: grey winter window light mixed with warm candlelight. Mood: Escalating dread. Style: flat 2D cut-paper cartoon with wobbly brown ink outline and cream sticker border on a photoreal period diorama background, shallow depth of field, film grain, muted sepia with mustard, teal and oxblood accents, toxic-green 'cure', non-graphic, 16:9.","Slow slide along the bedside table. A mitten hand sets down the third pewter bowl with a small bounce, and the candle flame gutters. Keep the exact character designs, colors and cut-paper style of the source image; slightly choppy stop-motion puppet motion, gentle diorama parallax, smooth camera; no morphing, no new characters, no text changes, no gore.","realistic humans, 3D render, extra limbs, face distortion, flicker, warping text, blood spray, graphic injury"
20,2. Bloodletting,2:45–3:01,16,10,,"Your skin turns cold and clammy. Your lips go pale. You feel a thirst that water can't fix. Every organ is now getting less oxygen than it needs, while your body is still trying to fight a throat infection.","The patient (a pear-shaped cut-paper cartoon figure with wide oval eyes and mitten hands, dressed as an 18th-century gentleman in a white linen nightshirt and nightcap with a grey tied-back queue) lying in bed, face pale greyish-cream with blue-tinged lips. Action: the patient reaches weakly toward a water pitcher on the nightstand, shiver lines and sweat drops around the face. Environment: a Georgian-era Virginia bedroom in December 1799 with wood paneling, a four-poster bed, a pewter basin and a frosted window. Camera: Close-up. Lighting: grey winter window light mixed with warm candlelight. Mood: Weak, cold. Style: flat 2D cut-paper cartoon with wobbly brown ink outline and cream sticker border on a photoreal period diorama background, shallow depth of field, film grain, muted sepia with mustard, teal and oxblood accents, toxic-green 'cure', non-graphic, 16:9.","Slow push-in. The patient's face drains step by step from cream to grey and the lips tint blue. A trembling hand reaches for the water pitcher and falls short. Keep the exact character designs, colors and cut-paper style of the source image; slightly choppy stop-motion puppet motion, gentle diorama parallax, smooth camera; no morphing, no new characters, no text changes, no gore.","realistic humans, 3D render, extra limbs, face distortion, flicker, warping text, blood spray, graphic injury"
21,2. Bloodletting,3:01–3:07,6,5,,"By evening, you've lost roughly forty percent of your blood. There's nothing left to fight with.","A glass jar shaped like a human silhouette, 60% filled with dark red liquid. Action: a mustard '40%' tag hangs off the jar's empty upper portion. Environment: a dark wooden table in the Georgian bedroom. Composition: jar centered. Camera: Straight-on infographic shot. Lighting: grey winter window light mixed with warm candlelight. Mood: Stark. Style: flat 2D cut-paper cartoon with wobbly brown ink outline and cream sticker border on a photoreal period diorama background, shallow depth of field, film grain, muted sepia with mustard, teal and oxblood accents, toxic-green 'cure', non-graphic, 16:9.","The red liquid in the silhouette-shaped jar drains from full to 60%, and the mustard ""40%"" tag swings into place. Keep the exact character designs, colors and cut-paper style of the source image; slightly choppy stop-motion puppet motion, gentle diorama parallax, smooth camera; no morphing, no new characters, no text changes, no gore.","realistic humans, 3D render, extra limbs, face distortion, flicker, warping text, blood spray, graphic injury"
22,2. Bloodletting,3:07–3:11,4,5,,"That's how George Washington died on December 14th, 1799.","An 18th-century oil portrait of an older gentleman in a powdered wig, in a gilt frame on paneled wall. Action: a black mourning ribbon drapes across the corner of the frame. Environment: a Georgian-era Virginia bedroom in December 1799 with wood paneling, a four-poster bed, a pewter basin and a frosted window. Camera: Eye-level medium shot, slow push-in. Lighting: soft candlelight. Mood: Solemn. Style: flat 2D cut-paper cartoon with wobbly brown ink outline and cream sticker border on a photoreal period diorama background, shallow depth of field, film grain, muted sepia with mustard, teal and oxblood accents, toxic-green 'cure', non-graphic, 16:9.","Slow push-in on the framed portrait. The black mourning ribbon stirs slightly, and candlelight flickers across the gilt frame. Keep the exact character designs, colors and cut-paper style of the source image; slightly choppy stop-motion puppet motion, gentle diorama parallax, smooth camera; no morphing, no new characters, no text changes, no gore.","realistic humans, 3D render, extra limbs, face distortion, flicker, warping text, blood spray, graphic injury"
23,2. Bloodletting,3:11–3:21,10,10,,"His doctors weren't careless. They were following the best medicine of their time. Bloodletting faded during the 1800s, once doctors started counting who actually survived it.","Two copies of the healer (a tall, thin cut-paper cartoon figure with a long face and mitten hands, wearing a black 18th-century physician's coat and white cravat) studying a thick leather medical book. Action: they point at a page, serious and certain. Environment: a Georgian-era Virginia bedroom in December 1799 with wood paneling, a four-poster bed, a pewter basin and a frosted window. Camera: Eye-level medium shot. Lighting: warm candlelight on the book. Mood: Earnest, tragic. Style: flat 2D cut-paper cartoon with wobbly brown ink outline and cream sticker border on a photoreal period diorama background, shallow depth of field, film grain, muted sepia with mustard, teal and oxblood accents, toxic-green 'cure', non-graphic, 16:9.","Slow push-out. The two physicians turn pages of the medical book, and one taps a page decisively. The candle burns visibly lower. Keep the exact character designs, colors and cut-paper style of the source image; slightly choppy stop-motion puppet motion, gentle diorama parallax, smooth camera; no morphing, no new characters, no text changes, no gore.","realistic humans, 3D render, extra limbs, face distortion, flicker, warping text, blood spray, graphic injury"
24,3. Mercury,3:21–3:28,7,10,MERCURY,"Mercury. You're a settler on the American frontier in the 1840s, shaking with fever under three blankets.","The patient (a pear-shaped cut-paper cartoon figure with wide oval eyes and mitten hands, dressed as an 1840s frontier settler in a faded plaid shirt and suspenders) buried under three thick patchwork quilts. Action: only the head pokes out, surrounded by shiver lines. Environment: the interior of an 1840s log cabin on the American frontier with a stone hearth, quilts and rough-hewn furniture. Camera: Eye-level medium shot. Lighting: flickering orange hearth firelight, dark corners. Mood: Miserable, slightly comic. Style: flat 2D cut-paper cartoon with wobbly brown ink outline and cream sticker border on a photoreal period diorama background, shallow depth of field, film grain, muted sepia with mustard, teal and oxblood accents, toxic-green 'cure', non-graphic, 16:9.","The three quilts rise and fall with violent shivers while only the settler's head pokes out. The hearth fire flickers. Slight push-in. Keep the exact character designs, colors and cut-paper style of the source image; slightly choppy stop-motion puppet motion, gentle diorama parallax, smooth camera; no morphing, no new characters, no text changes, no gore.","realistic humans, 3D render, extra limbs, face distortion, flicker, warping text, blood spray, graphic injury"
25,3. Mercury,3:28–3:35,7,10,,"The doctor reaches for the most popular medicine in his bag. Calomel, a white powder made from mercury.","The healer (a tall, thin cut-paper cartoon figure with a long face and mitten hands, wearing a battered top hat and a dusty frock coat, carrying a leather doctor's bag) beside the bed. Action: the doctor opens the leather bag with a confident flourish. Environment: the interior of an 1840s log cabin on the American frontier with a stone hearth, quilts and rough-hewn furniture. Camera: Eye-level medium shot. Lighting: flickering orange hearth firelight, dark corners. Mood: Confident. Style: flat 2D cut-paper cartoon with wobbly brown ink outline and cream sticker border on a photoreal period diorama background, shallow depth of field, film grain, muted sepia with mustard, teal and oxblood accents, toxic-green 'cure', non-graphic, 16:9.","The frontier doctor snaps the leather bag open with a flourish and pulls out the calomel jar. A single silver mercury bead rolls out across the table. Keep the exact character designs, colors and cut-paper style of the source image; slightly choppy stop-motion puppet motion, gentle diorama parallax, smooth camera; no morphing, no new characters, no text changes, no gore.","realistic humans, 3D render, extra limbs, face distortion, flicker, warping text, blood spray, graphic injury"
26,3. Mercury,3:35–3:44,9,10,,"Within hours, it does exactly what he promised. Your guts empty violently. To him, that's proof the sickness is being flushed out.","The patient (a pear-shaped cut-paper cartoon figure with wide oval eyes and mitten hands, dressed as an 1840s frontier settler in a faded plaid shirt and suspenders) sprinting out of the cabin door toward a wooden outhouse. Action: chalk speed lines trail behind; the quilt flaps off. Environment: the yard outside an 1840s log cabin with a wooden outhouse. Camera: Wide side-on shot. Lighting: daylight. Mood: Slapstick. Style: flat 2D cut-paper cartoon with wobbly brown ink outline and cream sticker border on a photoreal period diorama background, shallow depth of field, film grain, muted sepia with mustard, teal and oxblood accents, toxic-green 'cure', non-graphic, 16:9.","The settler bursts out of the cabin door and sprints across the yard to the outhouse in choppy stop-motion as the quilt flies off. The outhouse door slams. The camera pans to follow, with chalk speed lines trailing behind. Keep the exact character designs, colors and cut-paper style of the source image; slightly choppy stop-motion puppet motion, gentle diorama parallax, smooth camera; no morphing, no new characters, no text changes, no gore.","realistic humans, 3D render, extra limbs, face distortion, flicker, warping text, blood spray, graphic injury"
27,3. Mercury,3:44–3:52,8,10,,"Then the mercury spreads through your blood and latches onto proteins inside your cells, jamming the machinery they run on.","A cell interior with proteins drawn as cream gear shapes. Action: small silver droplets clamp onto the gears. Environment: an x-ray style explainer panel with a dark teal background and cream line-art anatomy. Camera: Straight-on diagram view. Lighting: flat, even graphic lighting with a soft glow on the highlighted elements. Mood: Invasive. Style: x-ray explainer panel, dark teal background, cream hand-drawn line art, mustard/oxblood highlights, toxic-green harmful substance, non-graphic, 16:9.","Silver droplets drift in and clamp onto the gear-shaped proteins. The gears slow, grind and stop with small chalk sparks. Keep the exact character designs, colors and cut-paper style of the source image; slightly choppy stop-motion puppet motion, gentle diorama parallax, smooth camera; no morphing, no new characters, no text changes, no gore.","realistic humans, 3D render, extra limbs, face distortion, flicker, warping text, blood spray, graphic injury"
28,3. Mercury,3:52–4:08,16,10,,"Your mouth reacts first. Saliva pours out, pints of it a day, soaking your pillow. Your gums swell, darken, and pull away from your teeth. Teeth loosen. Some fall out. Your breath turns so foul that visitors stop at the door.","The patient (a pear-shaped cut-paper cartoon figure with wide oval eyes and mitten hands, dressed as an 1840s frontier settler in a faded plaid shirt and suspenders) lying in bed. Action: a stylized cartoon stream of drool soaks the pillow; a tin measuring jug on the floor is filling up. Environment: the interior of an 1840s log cabin on the American frontier with a stone hearth, quilts and rough-hewn furniture. Camera: Eye-level medium shot. Lighting: flickering orange hearth firelight, dark corners. Mood: Gross-out comic. Style: flat 2D cut-paper cartoon with wobbly brown ink outline and cream sticker border on a photoreal period diorama background, shallow depth of field, film grain, muted sepia with mustard, teal and oxblood accents, toxic-green 'cure', non-graphic, 16:9.","A cartoon drool stream trickles onto the pillow and the tin jug fills. The camera slides to the cabin door, where a neighbor appears, sniffs the green stink lines, recoils and backs away. Keep the exact character designs, colors and cut-paper style of the source image; slightly choppy stop-motion puppet motion, gentle diorama parallax, smooth camera; no morphing, no new characters, no text changes, no gore.","realistic humans, 3D render, extra limbs, face distortion, flicker, warping text, blood spray, graphic injury"
29,3. Mercury,4:08–4:18,10,10,,"And because the fever keeps returning, he keeps dosing you. Now your nerves are affected. Your hands tremble. You turn anxious and jumpy for no reason.","Close-up of the mitten hands of the patient (a pear-shaped cut-paper cartoon figure with wide oval eyes and mitten hands, dressed as an 1840s frontier settler in a faded plaid shirt and suspenders) holding a tin cup. Action: tremor lines around the hands, water sloshing over the rim. Environment: the interior of an 1840s log cabin on the American frontier with a stone hearth, quilts and rough-hewn furniture. Camera: Close-up. Lighting: flickering orange hearth firelight, dark corners. Mood: Unsettling. Style: flat 2D cut-paper cartoon with wobbly brown ink outline and cream sticker border on a photoreal period diorama background, shallow depth of field, film grain, muted sepia with mustard, teal and oxblood accents, toxic-green 'cure', non-graphic, 16:9.","Close-up of the trembling mitten hands. Water sloshes over the rim of the tin cup and splashes. At the end, a clatter from off-screen makes the hands jolt. Keep the exact character designs, colors and cut-paper style of the source image; slightly choppy stop-motion puppet motion, gentle diorama parallax, smooth camera; no morphing, no new characters, no text changes, no gore.","realistic humans, 3D render, extra limbs, face distortion, flicker, warping text, blood spray, graphic injury"
30,3. Mercury,4:18–4:27,9,10,,"Your kidneys, straining to filter all that metal, start to fail. In the worst cases, the flesh of the cheek itself rotted away.","Two line-drawn kidneys clogged with silver droplets. Action: the kidneys dim from mustard to grey. Environment: an x-ray style explainer panel with a dark teal background and cream line-art anatomy. Camera: Straight-on diagram view. Lighting: flat, even graphic lighting with a soft glow on the highlighted elements. Mood: Ominous. Style: x-ray explainer panel, dark teal background, cream hand-drawn line art, mustard/oxblood highlights, toxic-green harmful substance, non-graphic, 16:9.","Silver droplets pile up inside the kidneys, the color fades slowly from mustard to grey, and a faint pulse slows. Keep the exact character designs, colors and cut-paper style of the source image; slightly choppy stop-motion puppet motion, gentle diorama parallax, smooth camera; no morphing, no new characters, no text changes, no gore.","realistic humans, 3D render, extra limbs, face distortion, flicker, warping text, blood spray, graphic injury"
31,3. Mercury,4:27–4:40,13,10,,Doctors knew about all of this. They called it the medicine doing its job. Calomel was so damaging that the U.S. Army's top medical officer pulled it from military supplies in 1863.,"The healer (a tall, thin cut-paper cartoon figure with a long face and mitten hands, wearing a battered top hat and a dusty frock coat, carrying a leather doctor's bag) writing in a small notebook. Action: the doctor smiles contentedly, ignoring the patient behind him. Environment: the interior of an 1840s log cabin on the American frontier with a stone hearth, quilts and rough-hewn furniture. Camera: Eye-level medium shot. Lighting: flickering orange hearth firelight, dark corners. Mood: Dark irony. Style: flat 2D cut-paper cartoon with wobbly brown ink outline and cream sticker border on a photoreal period diorama background, shallow depth of field, film grain, muted sepia with mustard, teal and oxblood accents, toxic-green 'cure', non-graphic, 16:9.","The doctor scribbles contentedly in his notebook while the patient behind him dims into shadow. At the end, a large cut-paper ""REMOVED · 1863"" stamp slams down over the frame as a transition. Keep the exact character designs, colors and cut-paper style of the source image; slightly choppy stop-motion puppet motion, gentle diorama parallax, smooth camera; no morphing, no new characters, no text changes, no gore.","realistic humans, 3D render, extra limbs, face distortion, flicker, warping text, blood spray, graphic injury"
32,3. Mercury,4:40–4:45,5,5,,Yet mercury teething powders were still being given to babies into the 1950s.,"A small generic vintage paper packet labeled 'TEETHING POWDER' on a counter beside a glass baby bottle. Action: a chalk-white warning triangle doodle appears above the packet. Environment: a pastel 1950s kitchen counter with checkered tiles. Camera: Eye-level macro shot. Lighting: bright cheerful daylight. Mood: Unsettling. Style: flat 2D cut-paper cartoon with wobbly brown ink outline and cream sticker border on a photoreal period diorama background, shallow depth of field, film grain, muted sepia with mustard, teal and oxblood accents, toxic-green 'cure', non-graphic, 16:9.","A chalk-white warning triangle draws itself above the teething-powder packet and blinks twice. The baby bottle catches the light. Keep the exact character designs, colors and cut-paper style of the source image; slightly choppy stop-motion puppet motion, gentle diorama parallax, smooth camera; no morphing, no new characters, no text changes, no gore.","realistic humans, 3D render, extra limbs, face distortion, flicker, warping text, blood spray, graphic injury"
33,4. Arsenic Wafers,4:45–4:51,6,5,ARSENIC WAFERS,"Arsenic wafers. It's 1895 in London, and pale skin is the height of fashion.","The patient (a pear-shaped cut-paper cartoon figure with wide oval eyes and mitten hands, dressed as an 1890s London woman in a high-collared mustard dress with her hair in a tidy bun) strolling with a lace parasol. Action: the woman walks past gas lamps as fog swirls. Environment: a foggy 1895 London street with gas lamps, brick terraces and a horse-drawn cab in the distance. Camera: Eye-level wide shot. Lighting: hazy grey daylight and warm gas lamps. Mood: Elegant, moody. Style: flat 2D cut-paper cartoon with wobbly brown ink outline and cream sticker border on a photoreal period diorama background, shallow depth of field, film grain, muted sepia with mustard, teal and oxblood accents, toxic-green 'cure', non-graphic, 16:9.","The woman strolls from left to right twirling her parasol. Fog rolls along the street and the gas lamps flicker. Keep the exact character designs, colors and cut-paper style of the source image; slightly choppy stop-motion puppet motion, gentle diorama parallax, smooth camera; no morphing, no new characters, no text changes, no gore.","realistic humans, 3D render, extra limbs, face distortion, flicker, warping text, blood spray, graphic injury"
34,4. Arsenic Wafers,4:51–5:01,10,10,,"A newspaper ad promises small wafers that give you a flawless, porcelain complexion. The key ingredient is arsenic, and the ad insists it's perfectly safe.","A vintage newspaper page with an engraved-style ad showing a generic round tin and the words 'COMPLEXION WAFERS'. Action: the page rests on a tea table. Environment: an 1890s London parlour with lace curtains, a mahogany vanity mirror, patterned wallpaper and fog outside the window. Composition: ad centered in frame. Camera: Top-down macro shot. Lighting: soft greenish gaslight mixed with diffuse foggy window light. Mood: Seductive. Style: flat 2D cut-paper cartoon with wobbly brown ink outline and cream sticker border on a photoreal period diorama background, shallow depth of field, film grain, muted sepia with mustard, teal and oxblood accents, toxic-green 'cure', non-graphic, 16:9.","Slow top-down push over the newspaper. The engraved wafer tin in the ad gleams, and steam curls from a teacup at the edge of the frame. Keep the exact character designs, colors and cut-paper style of the source image; slightly choppy stop-motion puppet motion, gentle diorama parallax, smooth camera; no morphing, no new characters, no text changes, no gore.","realistic humans, 3D render, extra limbs, face distortion, flicker, warping text, blood spray, graphic injury"
35,4. Arsenic Wafers,5:01–5:15,14,10,,"For a few weeks, you love the results. Your skin really does look paler. What you're actually seeing is arsenic damaging your blood, so less color reaches the surface. You're not glowing. You're anemic.","The patient (a pear-shaped cut-paper cartoon figure with wide oval eyes and mitten hands, dressed as an 1890s London woman in a high-collared mustard dress with her hair in a tidy bun) seated at the vanity mirror. Action: the woman admires her pale reflection, tiny sparkle doodles around her face. Environment: an 1890s London parlour with lace curtains, a mahogany vanity mirror, patterned wallpaper and fog outside the window. Camera: Over-the-shoulder shot into mirror. Lighting: soft greenish gaslight mixed with diffuse foggy window light. Mood: Pleased, vain. Style: flat 2D cut-paper cartoon with wobbly brown ink outline and cream sticker border on a photoreal period diorama background, shallow depth of field, film grain, muted sepia with mustard, teal and oxblood accents, toxic-green 'cure', non-graphic, 16:9.","Over-the-shoulder shot into the mirror. The woman tilts her head admiringly as sparkles pop. Then her reflection sags, the sparkles fade out, and dark circles appear under her eyes. Keep the exact character designs, colors and cut-paper style of the source image; slightly choppy stop-motion puppet motion, gentle diorama parallax, smooth camera; no morphing, no new characters, no text changes, no gore.","realistic humans, 3D render, extra limbs, face distortion, flicker, warping text, blood spray, graphic injury"
36,4. Arsenic Wafers,5:15–5:28,13,10,,"Arsenic works by disguise. It looks enough like phosphate, a molecule your cells use to make energy, that they pull it in by mistake. Once it's inside, the cell's power supply starts sputtering.","Two simple molecule doodles side by side, one labeled 'PHOSPHATE', one labeled 'ARSENIC' wearing a fake mustache and round glasses. Action: the disguised molecule tips its hat. Environment: an x-ray style explainer panel with a dark teal background and cream line-art anatomy. Camera: Straight-on diagram view. Lighting: flat, even graphic lighting with a soft glow on the highlighted elements. Mood: Playful, sneaky. Style: x-ray explainer panel, dark teal background, cream hand-drawn line art, mustard/oxblood highlights, toxic-green harmful substance, non-graphic, 16:9.","The mustached arsenic molecule tips its hat, adjusts its disguise and strolls toward the phosphate. A cell battery icon beside them starts to flicker. Keep the exact character designs, colors and cut-paper style of the source image; slightly choppy stop-motion puppet motion, gentle diorama parallax, smooth camera; no morphing, no new characters, no text changes, no gore.","realistic humans, 3D render, extra limbs, face distortion, flicker, warping text, blood spray, graphic injury"
37,4. Arsenic Wafers,5:28–5:39,11,10,,"Over the following months, the signs creep in. Stomach cramps. Hands and feet that tingle, then burn, as if they're asleep and on fire at the same time.","The patient (a pear-shaped cut-paper cartoon figure with wide oval eyes and mitten hands, dressed as an 1890s London woman in a high-collared mustard dress with her hair in a tidy bun) in a parlour armchair. Action: she clutches her stomach with squiggle pain lines as calendar pages flutter past on the wall. Environment: an 1890s London parlour with lace curtains, a mahogany vanity mirror, patterned wallpaper and fog outside the window. Camera: Eye-level medium shot. Lighting: soft greenish gaslight mixed with diffuse foggy window light. Mood: Uncomfortable. Style: flat 2D cut-paper cartoon with wobbly brown ink outline and cream sticker border on a photoreal period diorama background, shallow depth of field, film grain, muted sepia with mustard, teal and oxblood accents, toxic-green 'cure', non-graphic, 16:9.","Calendar pages flutter off the wall. The woman clutches her stomach, tingle zigzags appear at her hands and feet, and then tiny doodle flames flicker there. Keep the exact character designs, colors and cut-paper style of the source image; slightly choppy stop-motion puppet motion, gentle diorama parallax, smooth camera; no morphing, no new characters, no text changes, no gore.","realistic humans, 3D render, extra limbs, face distortion, flicker, warping text, blood spray, graphic injury"
38,4. Arsenic Wafers,5:39–5:52,13,10,,"Pale white bands appear across your fingernails. The skin on your palms thickens into hard, rough patches. And the cruelest irony? The complexion you paid for begins to darken, dotted with brown spots.","The reflection in the vanity mirror of the patient (a pear-shaped cut-paper cartoon figure with wide oval eyes and mitten hands, dressed as an 1890s London woman in a high-collared mustard dress with her hair in a tidy bun). Action: her face is speckled with small brown dots and she gasps in shock, one hand raised showing pale white bands across the fingernails. Environment: an 1890s London parlour with lace curtains, a mahogany vanity mirror, patterned wallpaper and fog outside the window. Camera: Close-up via mirror. Lighting: soft greenish gaslight mixed with diffuse foggy window light. Mood: Ironic shock. Style: flat 2D cut-paper cartoon with wobbly brown ink outline and cream sticker border on a photoreal period diorama background, shallow depth of field, film grain, muted sepia with mustard, teal and oxblood accents, toxic-green 'cure', non-graphic, 16:9.","In the mirror, brown dots pop onto her face one by one. She gasps and raises a hand, showing pale white bands across her nails. Keep the exact character designs, colors and cut-paper style of the source image; slightly choppy stop-motion puppet motion, gentle diorama parallax, smooth camera; no morphing, no new characters, no text changes, no gore.","realistic humans, 3D render, extra limbs, face distortion, flicker, warping text, blood spray, graphic injury"
39,4. Arsenic Wafers,5:52–5:58,6,5,,"Keep eating them for years, and your risk of skin, lung, and bladder cancer climbs.","A rising line chart on parchment with three small organ icons: skin, lungs and bladder. Action: the oxblood line climbs steeply. Environment: an aged parchment infographic board. Camera: Straight-on infographic view. Lighting: even soft light. Mood: Serious. Style: flat 2D cut-paper cartoon with wobbly brown ink outline and cream sticker border on a photoreal period diorama background, shallow depth of field, film grain, muted sepia with mustard, teal and oxblood accents, toxic-green 'cure', non-graphic, 16:9.","The oxblood line draws itself, climbing steeply across the parchment chart, and the skin, lung and bladder icons pop in one after another. Keep the exact character designs, colors and cut-paper style of the source image; slightly choppy stop-motion puppet motion, gentle diorama parallax, smooth camera; no morphing, no new characters, no text changes, no gore.","realistic humans, 3D render, extra limbs, face distortion, flicker, warping text, blood spray, graphic injury"
40,4. Arsenic Wafers,5:58–6:05,7,10,,These wafers were sold openly for decades. The beauty industry has changed a lot since then. Mostly.,"A Victorian shop window display stacked with generic round wafer tins and price tags. Action: a small crowd of cut-paper shoppers peers in. Environment: an 1890s London shopfront with gilt lettering and fog. Camera: Eye-level medium-wide shot. Lighting: warm shop light against grey fog. Mood: Casual, unsettling. Style: flat 2D cut-paper cartoon with wobbly brown ink outline and cream sticker border on a photoreal period diorama background, shallow depth of field, film grain, muted sepia with mustard, teal and oxblood accents, toxic-green 'cure', non-graphic, 16:9.","Cut-paper shoppers shuffle and peer into the shop window, fog drifts past, and the hanging shop sign creaks and sways. Keep the exact character designs, colors and cut-paper style of the source image; slightly choppy stop-motion puppet motion, gentle diorama parallax, smooth camera; no morphing, no new characters, no text changes, no gore.","realistic humans, 3D render, extra limbs, face distortion, flicker, warping text, blood spray, graphic injury"
41,5. Tapeworm Diet Pills,6:05–6:18,13,10,TAPEWORM DIET PILLS,"Tapeworm diet pills. It's the early 1900s, and you want to lose weight fast. An ad promises you can eat whatever you like, because a sanitized tapeworm will eat it for you.","The patient (a pear-shaped cut-paper cartoon figure with wide oval eyes and mitten hands, dressed as a 1910s man in a striped waistcoat, rolled shirtsleeves and a bowler hat) standing on an old-fashioned bathroom scale. Action: the man frowns down at the dial. Environment: a 1910s city apartment with a white-tiled bathroom, porcelain fixtures and a small dining nook. Camera: Eye-level medium shot. Lighting: flat pale morning daylight through a frosted window. Mood: Frustrated. Style: flat 2D cut-paper cartoon with wobbly brown ink outline and cream sticker border on a photoreal period diorama background, shallow depth of field, film grain, muted sepia with mustard, teal and oxblood accents, toxic-green 'cure', non-graphic, 16:9.","The needle on the bathroom scale wobbles and settles high. The man frowns, sighs with his chest rising and falling, and the camera pushes in slowly. Keep the exact character designs, colors and cut-paper style of the source image; slightly choppy stop-motion puppet motion, gentle diorama parallax, smooth camera; no morphing, no new characters, no text changes, no gore.","realistic humans, 3D render, extra limbs, face distortion, flicker, warping text, blood spray, graphic injury"
42,5. Tapeworm Diet Pills,6:18–6:24,6,5,,Historians still debate whether these pills ever contained real worms. But let's say yours did.,"The patient (a pear-shaped cut-paper cartoon figure with wide oval eyes and mitten hands, dressed as a 1910s man in a striped waistcoat, rolled shirtsleeves and a bowler hat) at the dining nook. Action: the man swallows a pill with a glass of water and winks at the camera. Environment: a 1910s city apartment with a white-tiled bathroom, porcelain fixtures and a small dining nook. Camera: Eye-level medium close-up. Lighting: flat pale morning daylight through a frosted window. Mood: Cheeky. Style: flat 2D cut-paper cartoon with wobbly brown ink outline and cream sticker border on a photoreal period diorama background, shallow depth of field, film grain, muted sepia with mustard, teal and oxblood accents, toxic-green 'cure', non-graphic, 16:9.","The man pops a pill, gulps water, then turns to the camera and winks. Keep the exact character designs, colors and cut-paper style of the source image; slightly choppy stop-motion puppet motion, gentle diorama parallax, smooth camera; no morphing, no new characters, no text changes, no gore.","realistic humans, 3D render, extra limbs, face distortion, flicker, warping text, blood spray, graphic injury"
43,5. Tapeworm Diet Pills,6:24–6:39,15,10,,"A tiny larva settles in your gut, hooks its head onto your intestinal wall, and starts growing. A few centimeters. Then a meter. Then several meters, folded up inside you, absorbing your food straight through its skin.","A full-body silhouette with a long ribbon-like worm coiled through the intestines. Action: a mustard measuring tape unrolls alongside it. Environment: an x-ray style explainer panel with a dark teal background and cream line-art anatomy. Camera: Straight-on diagram view. Lighting: flat, even graphic lighting with a soft glow on the highlighted elements. Mood: Escalating disbelief. Style: x-ray explainer panel, dark teal background, cream hand-drawn line art, mustard/oxblood highlights, toxic-green harmful substance, non-graphic, 16:9.","The tapeworm grows in stop-motion stages, coiling through the intestines, while the mustard measuring tape unrolls alongside to match its length. Keep the exact character designs, colors and cut-paper style of the source image; slightly choppy stop-motion puppet motion, gentle diorama parallax, smooth camera; no morphing, no new characters, no text changes, no gore.","realistic humans, 3D render, extra limbs, face distortion, flicker, warping text, blood spray, graphic injury"
44,5. Tapeworm Diet Pills,6:39–6:52,13,10,,"At first, you barely notice. Some bloating. Some nausea. A strange, nagging hunger. You might even lose a little weight, which is exactly the kind of result that keeps a scam alive.","The patient (a pear-shaped cut-paper cartoon figure with wide oval eyes and mitten hands, dressed as a 1910s man in a striped waistcoat, rolled shirtsleeves and a bowler hat) at the dining table with a large plate of food. Action: the man's belly is slightly rounded and he looks queasy yet hungry. Environment: a 1910s city apartment with a white-tiled bathroom, porcelain fixtures and a small dining nook. Camera: Eye-level medium shot. Lighting: flat pale morning daylight through a frosted window. Mood: Uneasy. Style: flat 2D cut-paper cartoon with wobbly brown ink outline and cream sticker border on a photoreal period diorama background, shallow depth of field, film grain, muted sepia with mustard, teal and oxblood accents, toxic-green 'cure', non-graphic, 16:9.","The man eats heartily, his belly rounds slightly and he wobbles queasily. He keeps reaching for more food. Keep the exact character designs, colors and cut-paper style of the source image; slightly choppy stop-motion puppet motion, gentle diorama parallax, smooth camera; no morphing, no new characters, no text changes, no gore.","realistic humans, 3D render, extra limbs, face distortion, flicker, warping text, blood spray, graphic injury"
45,5. Tapeworm Diet Pills,6:52–7:04,12,10,,"Then one morning, you spot something in the toilet. A flat, white segment. And it's moving. Tapeworms shed pieces of themselves packed with eggs, and some crawl out on their own.","The patient (a pear-shaped cut-paper cartoon figure with wide oval eyes and mitten hands, dressed as a 1910s man in a striped waistcoat, rolled shirtsleeves and a bowler hat) peering into an Edwardian porcelain toilet with a pull chain. Action: the man's eyes pop wide with a big chalk exclamation mark; toilet contents not shown. Environment: a 1910s city apartment with a white-tiled bathroom, porcelain fixtures and a small dining nook. Camera: Eye-level medium shot from beside the toilet. Lighting: flat pale morning daylight through a frosted window. Mood: Horrified comedy. Style: flat 2D cut-paper cartoon with wobbly brown ink outline and cream sticker border on a photoreal period diorama background, shallow depth of field, film grain, muted sepia with mustard, teal and oxblood accents, toxic-green 'cure', non-graphic, 16:9.","The man leans over the toilet and his eyes pop wide as a big chalk exclamation mark bounces above his head. He recoils, and the pull chain swings. Keep the exact character designs, colors and cut-paper style of the source image; slightly choppy stop-motion puppet motion, gentle diorama parallax, smooth camera; no morphing, no new characters, no text changes, no gore.","realistic humans, 3D render, extra limbs, face distortion, flicker, warping text, blood spray, graphic injury"
46,5. Tapeworm Diet Pills,7:04–7:12,8,5,,"The real danger is getting the wrong species. Swallow pork tapeworm eggs, and the larvae don't stay in your gut.","Two cartoon worms side by side, one labeled 'BEEF', one labeled 'PORK' with small doodle devil horns. Action: the pork worm grins mischievously. Environment: an x-ray style explainer panel with a dark teal background and cream line-art anatomy. Camera: Straight-on diagram view. Lighting: flat, even graphic lighting with a soft glow on the highlighted elements. Mood: Ominous humor. Style: x-ray explainer panel, dark teal background, cream hand-drawn line art, mustard/oxblood highlights, toxic-green harmful substance, non-graphic, 16:9.","The two cartoon worms bob gently. The pork worm's devil horns glow as it grins and wiggles its eyebrows. Keep the exact character designs, colors and cut-paper style of the source image; slightly choppy stop-motion puppet motion, gentle diorama parallax, smooth camera; no morphing, no new characters, no text changes, no gore.","realistic humans, 3D render, extra limbs, face distortion, flicker, warping text, blood spray, graphic injury"
47,5. Tapeworm Diet Pills,7:12–7:22,10,10,,"They travel through your blood and form cysts in your muscles, your eyes, and your brain. That's how a diet pill ends in seizures.","A full-body silhouette. Action: small cream cyst bubbles light up in the leg muscles, one eye and the brain, with chalk-white jagged 'seizure' lines around the head. Environment: an x-ray style explainer panel with a dark teal background and cream line-art anatomy. Camera: Straight-on diagram view. Lighting: flat, even graphic lighting with a soft glow on the highlighted elements. Mood: Chilling. Style: x-ray explainer panel, dark teal background, cream hand-drawn line art, mustard/oxblood highlights, toxic-green harmful substance, non-graphic, 16:9.","Cyst bubbles light up one after another: leg muscle, then eye, then brain. Jagged chalk lines flicker around the head. Keep the exact character designs, colors and cut-paper style of the source image; slightly choppy stop-motion puppet motion, gentle diorama parallax, smooth camera; no morphing, no new characters, no text changes, no gore.","realistic humans, 3D render, extra limbs, face distortion, flicker, warping text, blood spray, graphic injury"
48,5. Tapeworm Diet Pills,7:22–7:28,6,5,,"Today, most tapeworm infections are cleared with a single dose of medicine. No weight-loss plan included.","A flat 2D cut-paper modern doctor handing a single pill to the patient (a pear-shaped cut-paper cartoon figure with wide oval eyes and mitten hands, dressed as a 1910s man in a striped waistcoat, rolled shirtsleeves and a bowler hat). Action: the man shrugs, mildly disappointed. Environment: a bright modern clinic exam room. Camera: Eye-level medium two-shot. Lighting: clean clinical light. Mood: Lighthearted. Style: flat 2D cut-paper cartoon with wobbly brown ink outline and cream sticker border on a photoreal period diorama background, shallow depth of field, film grain, muted sepia with mustard, teal and oxblood accents, toxic-green 'cure', non-graphic, 16:9.","The modern doctor hands over a single pill. The man takes it and gives an exaggerated disappointed shrug. Keep the exact character designs, colors and cut-paper style of the source image; slightly choppy stop-motion puppet motion, gentle diorama parallax, smooth camera; no morphing, no new characters, no text changes, no gore.","realistic humans, 3D render, extra limbs, face distortion, flicker, warping text, blood spray, graphic injury"
49,6. Radium Water,7:28–7:38,10,10,RADIUM WATER,"Radium water. It's 1927. You're a wealthy American businessman who injured his arm, and your doctor suggests a fashionable new tonic. Water infused with radium.","The patient (a pear-shaped cut-paper cartoon figure with wide oval eyes and mitten hands, dressed as a wealthy 1920s businessman in a pinstriped three-piece suit with slicked hair and his right arm in a sling) in the leather armchair. Action: the businessman winces, adjusting the sling. Environment: a 1920s wood-paneled mansion study with art deco lamps, a leather armchair, a globe and a drinks cart. Camera: Eye-level medium shot. Lighting: warm golden lamplight with a faint eerie green glow from the tonic bottles. Mood: Refined, uncomfortable. Style: flat 2D cut-paper cartoon with wobbly brown ink outline and cream sticker border on a photoreal period diorama background, shallow depth of field, film grain, muted sepia with mustard, teal and oxblood accents, toxic-green 'cure', non-graphic, 16:9.","The businessman winces and adjusts his sling. A silver tray with a glowing bottle slides into frame from the right, and its green glow pulses. Keep the exact character designs, colors and cut-paper style of the source image; slightly choppy stop-motion puppet motion, gentle diorama parallax, smooth camera; no morphing, no new characters, no text changes, no gore.","realistic humans, 3D render, extra limbs, face distortion, flicker, warping text, blood spray, graphic injury"
50,6. Radium Water,7:38–7:46,8,10,,"Radioactivity is the scientific marvel of the age, and the label promises energy, vitality, and relief from almost everything.","A 1920s magazine-style montage of glowing green atom symbols and starbursts around a tonic bottle. Action: the atoms orbit and sparkle. Environment: an art deco magazine page backdrop in mustard and teal. Camera: Straight-on medium shot. Lighting: bright graphic glow. Mood: Exciting, retro. Style: flat 2D cut-paper cartoon with wobbly brown ink outline and cream sticker border on a photoreal period diorama background, shallow depth of field, film grain, muted sepia with mustard, teal and oxblood accents, toxic-green 'cure', non-graphic, 16:9.","Glowing atom symbols orbit the tonic bottle, starbursts twinkle, and the frame pulses in a retro zoom. Keep the exact character designs, colors and cut-paper style of the source image; slightly choppy stop-motion puppet motion, gentle diorama parallax, smooth camera; no morphing, no new characters, no text changes, no gore.","realistic humans, 3D render, extra limbs, face distortion, flicker, warping text, blood spray, graphic injury"
51,6. Radium Water,7:46–7:55,9,10,,"You drink a bottle. You feel great. So you drink another. Over the next few years, you'll finish more than a thousand.","The patient (a pear-shaped cut-paper cartoon figure with wide oval eyes and mitten hands, dressed as a wealthy 1920s businessman in a pinstriped three-piece suit with slicked hair and his right arm in a sling) sipping from the glowing bottle. Action: sparkles pop around the businessman's beaming face. Environment: a 1920s wood-paneled mansion study with art deco lamps, a leather armchair, a globe and a drinks cart. Camera: Eye-level medium close-up. Lighting: warm golden lamplight with a faint eerie green glow from the tonic bottles. Mood: Euphoric. Style: flat 2D cut-paper cartoon with wobbly brown ink outline and cream sticker border on a photoreal period diorama background, shallow depth of field, film grain, muted sepia with mustard, teal and oxblood accents, toxic-green 'cure', non-graphic, 16:9.","The businessman sips and sparkles burst around him. The camera pulls back to reveal crates of empty glowing bottles stacking up behind him in stop-motion. Keep the exact character designs, colors and cut-paper style of the source image; slightly choppy stop-motion puppet motion, gentle diorama parallax, smooth camera; no morphing, no new characters, no text changes, no gore.","realistic humans, 3D render, extra limbs, face distortion, flicker, warping text, blood spray, graphic injury"
52,6. Radium Water,7:55–8:06,11,10,,"Here's the problem. To your body, radium looks almost exactly like calcium. So it does what it always does with calcium. It builds it right into your bones.","A full skeleton line drawing. Action: toxic-green speckles settle into the bones. Environment: an x-ray style explainer panel with a dark teal background and cream line-art anatomy. Camera: Straight-on diagram view. Lighting: flat, even graphic lighting with a soft glow on the highlighted elements. Mood: Ominous. Style: x-ray explainer panel, dark teal background, cream hand-drawn line art, mustard/oxblood highlights, toxic-green harmful substance, non-graphic, 16:9.","Toxic-green speckles rain down through the skeleton from skull to feet and settle into the bones, which begin to glow faintly. Keep the exact character designs, colors and cut-paper style of the source image; slightly choppy stop-motion puppet motion, gentle diorama parallax, smooth camera; no morphing, no new characters, no text changes, no gore.","realistic humans, 3D render, extra limbs, face distortion, flicker, warping text, blood spray, graphic injury"
53,6. Radium Water,8:06–8:15,9,10,,"And once it's there, it stays, firing tiny bursts of radiation into the living tissue around it, day and night, for years.","A close view of a bone section with embedded green particles. Action: tiny green sparks shoot outward into surrounding tissue. Environment: an x-ray style explainer panel with a dark teal background and cream line-art anatomy. Camera: Straight-on diagram close-up. Lighting: flat, even graphic lighting with a soft glow on the highlighted elements. Mood: Relentless. Style: x-ray explainer panel, dark teal background, cream hand-drawn line art, mustard/oxblood highlights, toxic-green harmful substance, non-graphic, 16:9.","Tiny green sparks shoot from the bone in rhythmic bursts, and sun and moon icons cycle behind it twice while the glow never fades. Keep the exact character designs, colors and cut-paper style of the source image; slightly choppy stop-motion puppet motion, gentle diorama parallax, smooth camera; no morphing, no new characters, no text changes, no gore.","realistic humans, 3D render, extra limbs, face distortion, flicker, warping text, blood spray, graphic injury"
54,6. Radium Water,8:15–8:25,10,10,,"It starts with a toothache. Then your teeth begin falling out. Your jawbone, riddled with radiation damage, can't heal, and holes open up in it.","The patient (a pear-shaped cut-paper cartoon figure with wide oval eyes and mitten hands, dressed as a wealthy 1920s businessman in a pinstriped three-piece suit with slicked hair and his right arm in a sling) staring at a cartoon tooth resting on a white handkerchief. Action: his expression drops in disbelief. Environment: a 1920s wood-paneled mansion study with art deco lamps, a leather armchair, a globe and a drinks cart. Camera: Close-up. Lighting: warm golden lamplight with a faint eerie green glow from the tonic bottles. Mood: Dismayed. Style: flat 2D cut-paper cartoon with wobbly brown ink outline and cream sticker border on a photoreal period diorama background, shallow depth of field, film grain, muted sepia with mustard, teal and oxblood accents, toxic-green 'cure', non-graphic, 16:9.","The businessman holds his jaw as throb lines pulse. A tooth drops onto the handkerchief with a small bounce, and his face falls. Keep the exact character designs, colors and cut-paper style of the source image; slightly choppy stop-motion puppet motion, gentle diorama parallax, smooth camera; no morphing, no new characters, no text changes, no gore.","realistic humans, 3D render, extra limbs, face distortion, flicker, warping text, blood spray, graphic injury"
55,6. Radium Water,8:25–8:39,14,10,,"Surgeons remove most of your upper jaw and part of your lower jaw. Holes appear in your skull. Your bone marrow, which makes your blood, is failing. By the end, you can barely speak.","A line-drawn skull and a long bone cross-section. Action: green-rimmed holes spread on the skull while the marrow dims from oxblood to grey. Environment: an x-ray style explainer panel with a dark teal background and cream line-art anatomy. Camera: Straight-on diagram view. Lighting: flat, even graphic lighting with a soft glow on the highlighted elements. Mood: Bleak. Style: x-ray explainer panel, dark teal background, cream hand-drawn line art, mustard/oxblood highlights, toxic-green harmful substance, non-graphic, 16:9.","Green-rimmed holes appear on the skull one by one, and the bone marrow in the cross-section fades from oxblood to grey. Keep the exact character designs, colors and cut-paper style of the source image; slightly choppy stop-motion puppet motion, gentle diorama parallax, smooth camera; no morphing, no new characters, no text changes, no gore.","realistic humans, 3D render, extra limbs, face distortion, flicker, warping text, blood spray, graphic injury"
56,6. Radium Water,8:39–8:51,12,10,,"This happened to Eben Byers, who died in 1932. His case made national headlines and helped push the U.S. toward much stronger control over what could be sold as medicine.","A generic vintage 1930s newspaper front page on a desk, headline blurred except the year '1932'. Action: an empty glowing bottle sits beside the paper. Environment: a 1920s wood-paneled mansion study with art deco lamps, a leather armchair, a globe and a drinks cart. Camera: Top-down medium shot. Lighting: warm golden lamplight with a faint eerie green glow from the tonic bottles. Mood: Solemn. Style: flat 2D cut-paper cartoon with wobbly brown ink outline and cream sticker border on a photoreal period diorama background, shallow depth of field, film grain, muted sepia with mustard, teal and oxblood accents, toxic-green 'cure', non-graphic, 16:9.","Slow top-down push over the newspaper, with the headline staying blurred. The empty bottle's green glow flickers weakly and dies. Keep the exact character designs, colors and cut-paper style of the source image; slightly choppy stop-motion puppet motion, gentle diorama parallax, smooth camera; no morphing, no new characters, no text changes, no gore.","realistic humans, 3D render, extra limbs, face distortion, flicker, warping text, blood spray, graphic injury"
57,6. Radium Water,8:51–8:59,8,10,,"He was buried in a lead-lined coffin. When scientists examined his remains decades later, his bones were still radioactive.","A flat 2D cut-paper scientist in a lab coat holding a Geiger counter near a sealed metal box. Action: chalk 'click' lines burst from the counter and a faint green glow leaks from the box. Environment: a 1960s laboratory with metal benches and instruments. Camera: Eye-level medium shot. Lighting: cool fluorescent light. Mood: Chilling. Style: flat 2D cut-paper cartoon with wobbly brown ink outline and cream sticker border on a photoreal period diorama background, shallow depth of field, film grain, muted sepia with mustard, teal and oxblood accents, toxic-green 'cure', non-graphic, 16:9.","The Geiger counter's needle jumps, chalk ""click"" lines burst out rhythmically, and a green glow leaks from the seams of the sealed box. Keep the exact character designs, colors and cut-paper style of the source image; slightly choppy stop-motion puppet motion, gentle diorama parallax, smooth camera; no morphing, no new characters, no text changes, no gore.","realistic humans, 3D render, extra limbs, face distortion, flicker, warping text, blood spray, graphic injury"
58,Outro,8:59–9:10,11,10,,"Every one of these cures had something in common. They were sold by people who believed in them, or said they did, to patients who trusted them completely.","An apothecary shelf holding all six cures: a bronze crescent blade, a lancet with pewter bowl, a calomel jar, an arsenic wafer tin, a diet-pill jar and a glowing radium bottle. Action: each item catches the lamplight in turn. Environment: a dim 19th-century apothecary shop with tall wooden shelves of glass bottles, brass scales and a worn counter. Composition: items spaced evenly across the shelf. Camera: Slow lateral tracking shot. Lighting: warm amber oil-lamp light slowly fading, deep soft shadows. Mood: Reflective. Style: flat 2D cut-paper cartoon with wobbly brown ink outline and cream sticker border on a photoreal period diorama background, shallow depth of field, film grain, muted sepia with mustard, teal and oxblood accents, toxic-green 'cure', non-graphic, 16:9.","Slow lateral track along the apothecary shelf. Each of the six cures lights up in turn as the camera passes, while the oil lamp slowly dims. Keep the exact character designs, colors and cut-paper style of the source image; slightly choppy stop-motion puppet motion, gentle diorama parallax, smooth camera; no morphing, no new characters, no text changes, no gore.","realistic humans, 3D render, extra limbs, face distortion, flicker, warping text, blood spray, graphic injury"
59,Outro,9:10–9:14,4,5,,The side effects were never hidden. They were just explained away.,"The healer (a tall, thin cut-paper cartoon figure with a long face and mitten hands, wearing a long dark generic historical frock coat) sweeping a pile of paper warning labels under a rug with a broom. Action: the healer whistles innocently. Environment: a dim 19th-century apothecary shop with tall wooden shelves of glass bottles, brass scales and a worn counter. Camera: Eye-level medium shot. Lighting: warm amber oil-lamp light slowly fading, deep soft shadows. Mood: Dark humor. Style: flat 2D cut-paper cartoon with wobbly brown ink outline and cream sticker border on a photoreal period diorama background, shallow depth of field, film grain, muted sepia with mustard, teal and oxblood accents, toxic-green 'cure', non-graphic, 16:9.","The healer sweeps the warning labels under the rug, which bulges. He whistles innocently as small music-note doodles float up. Keep the exact character designs, colors and cut-paper style of the source image; slightly choppy stop-motion puppet motion, gentle diorama parallax, smooth camera; no morphing, no new characters, no text changes, no gore.","realistic humans, 3D render, extra limbs, face distortion, flicker, warping text, blood spray, graphic injury"
60,Outro,9:14–9:25,11,10,,"So the next time something promises to fix everything at once, ask one simple question. How do we know it works? Because for most of history, nobody did.","The patient (a pear-shaped cut-paper cartoon figure with wide oval eyes and mitten hands, wearing a plain cream hospital gown) holding a modern smartphone that shows a generic glowing 'MIRACLE SUPPLEMENT' ad, and raising a magnifying glass to it with the other hand. Action: one eyebrow raised skeptically; behind, a single green bottle glows on a shelf as a lamp goes out. Environment: a dim modern living room at night. Camera: Eye-level medium close-up. Lighting: phone-screen glow and a warm side lamp. Mood: Skeptical, empowered. Style: flat 2D cut-paper cartoon with wobbly brown ink outline and cream sticker border on a photoreal period diorama background, shallow depth of field, film grain, muted sepia with mustard, teal and oxblood accents, toxic-green 'cure', non-graphic, 16:9.","The patient raises the magnifying glass to the glowing phone ad and lifts one eyebrow. Behind them the lamp goes out, leaving only the phone glow and the single green bottle. Hold, then fade to black. Keep the exact character designs, colors and cut-paper style of the source image; slightly choppy stop-motion puppet motion, gentle diorama parallax, smooth camera; no morphing, no new characters, no text changes, no gore.","realistic humans, 3D render, extra limbs, face distortion, flicker, warping text, blood spray, graphic injury"
